phc_id,medicine_id,week,actual,yhat,yhat_lo,yhat_hi
PHC_BORIGUMMA,ORS_ZINC,W-08,398,,,
PHC_BORIGUMMA,ORS_ZINC,W-07,386,,,
PHC_BORIGUMMA,ORS_ZINC,W-06,484,,,
PHC_BORIGUMMA,ORS_ZINC,W-05,437,,,
PHC_BORIGUMMA,ORS_ZINC,W-04,398,,,
PHC_BORIGUMMA,ORS_ZINC,W-03,402,,,
PHC_BORIGUMMA,ORS_ZINC,W-02,418,,,
PHC_BORIGUMMA,ORS_ZINC,W-01,486,,,
PHC_BORIGUMMA,ORS_ZINC,W+01,,456,390,522
PHC_BORIGUMMA,ORS_ZINC,W+02,,471,391,551
PHC_BORIGUMMA,ORS_ZINC,W+03,,487,393,581
PHC_BORIGUMMA,ORS_ZINC,W+04,,502,392,612
PHC_BORIGUMMA,ORS_ZINC,W+05,,518,392,644
PHC_BORIGUMMA,ORS_ZINC,W+06,,533,390,676
PHC_BORIGUMMA,ARTESUNATE,W-08,245,,,
PHC_BORIGUMMA,ARTESUNATE,W-07,226,,,
PHC_BORIGUMMA,ARTESUNATE,W-06,208,,,
PHC_BORIGUMMA,ARTESUNATE,W-05,234,,,
PHC_BORIGUMMA,ARTESUNATE,W-04,277,,,
PHC_BORIGUMMA,ARTESUNATE,W-03,253,,,
PHC_BORIGUMMA,ARTESUNATE,W-02,286,,,
PHC_BORIGUMMA,ARTESUNATE,W-01,283,,,
PHC_BORIGUMMA,ARTESUNATE,W+01,,252,216,288
PHC_BORIGUMMA,ARTESUNATE,W+02,,261,217,305
PHC_BORIGUMMA,ARTESUNATE,W+03,,269,217,321
PHC_BORIGUMMA,ARTESUNATE,W+04,,278,217,339
PHC_BORIGUMMA,ARTESUNATE,W+05,,286,216,356
PHC_BORIGUMMA,ARTESUNATE,W+06,,295,216,374
PHC_BORIGUMMA,AMOXICILLIN,W-08,275,,,
PHC_BORIGUMMA,AMOXICILLIN,W-07,345,,,
PHC_BORIGUMMA,AMOXICILLIN,W-06,348,,,
PHC_BORIGUMMA,AMOXICILLIN,W-05,342,,,
PHC_BORIGUMMA,AMOXICILLIN,W-04,325,,,
PHC_BORIGUMMA,AMOXICILLIN,W-03,365,,,
PHC_BORIGUMMA,AMOXICILLIN,W-02,325,,,
PHC_BORIGUMMA,AMOXICILLIN,W-01,361,,,
PHC_BORIGUMMA,AMOXICILLIN,W+01,,355,304,406
PHC_BORIGUMMA,AMOXICILLIN,W+02,,367,305,429
PHC_BORIGUMMA,AMOXICILLIN,W+03,,379,306,452
PHC_BORIGUMMA,AMOXICILLIN,W+04,,391,305,477
PHC_BORIGUMMA,AMOXICILLIN,W+05,,403,305,501
PHC_BORIGUMMA,AMOXICILLIN,W+06,,415,303,527
PHC_BORIGUMMA,OXYTOCIN,W-08,107,,,
PHC_BORIGUMMA,OXYTOCIN,W-07,124,,,
PHC_BORIGUMMA,OXYTOCIN,W-06,124,,,
PHC_BORIGUMMA,OXYTOCIN,W-05,108,,,
PHC_BORIGUMMA,OXYTOCIN,W-04,118,,,
PHC_BORIGUMMA,OXYTOCIN,W-03,110,,,
PHC_BORIGUMMA,OXYTOCIN,W-02,135,,,
PHC_BORIGUMMA,OXYTOCIN,W-01,136,,,
PHC_BORIGUMMA,OXYTOCIN,W+01,,121,104,138
PHC_BORIGUMMA,OXYTOCIN,W+02,,125,104,146
PHC_BORIGUMMA,OXYTOCIN,W+03,,129,104,154
PHC_BORIGUMMA,OXYTOCIN,W+04,,133,104,162
PHC_BORIGUMMA,OXYTOCIN,W+05,,137,104,170
PHC_BORIGUMMA,OXYTOCIN,W+06,,141,103,179
PHC_BORIGUMMA,RABIES_VACCINE,W-08,86,,,
PHC_BORIGUMMA,RABIES_VACCINE,W-07,96,,,
PHC_BORIGUMMA,RABIES_VACCINE,W-06,97,,,
PHC_BORIGUMMA,RABIES_VACCINE,W-05,88,,,
PHC_BORIGUMMA,RABIES_VACCINE,W-04,105,,,
PHC_BORIGUMMA,RABIES_VACCINE,W-03,101,,,
PHC_BORIGUMMA,RABIES_VACCINE,W-02,109,,,
PHC_BORIGUMMA,RABIES_VACCINE,W-01,105,,,
PHC_BORIGUMMA,RABIES_VACCINE,W+01,,101,87,115
PHC_BORIGUMMA,RABIES_VACCINE,W+02,,104,87,121
PHC_BORIGUMMA,RABIES_VACCINE,W+03,,108,87,129
PHC_BORIGUMMA,RABIES_VACCINE,W+04,,111,87,135
PHC_BORIGUMMA,RABIES_VACCINE,W+05,,115,87,143
PHC_BORIGUMMA,RABIES_VACCINE,W+06,,118,87,149
PHC_BORIGUMMA,PARACETAMOL,W-08,470,,,
PHC_BORIGUMMA,PARACETAMOL,W-07,531,,,
PHC_BORIGUMMA,PARACETAMOL,W-06,496,,,
PHC_BORIGUMMA,PARACETAMOL,W-05,647,,,
PHC_BORIGUMMA,PARACETAMOL,W-04,651,,,
PHC_BORIGUMMA,PARACETAMOL,W-03,656,,,
PHC_BORIGUMMA,PARACETAMOL,W-02,587,,,
PHC_BORIGUMMA,PARACETAMOL,W-01,561,,,
PHC_BORIGUMMA,PARACETAMOL,W+01,,608,520,696
PHC_BORIGUMMA,PARACETAMOL,W+02,,629,523,735
PHC_BORIGUMMA,PARACETAMOL,W+03,,649,523,775
PHC_BORIGUMMA,PARACETAMOL,W+04,,670,523,817
PHC_BORIGUMMA,PARACETAMOL,W+05,,690,521,859
PHC_BORIGUMMA,PARACETAMOL,W+06,,711,520,902
PHC_BORIGUMMA,SNAKE_ANTIVENOM,W-08,80,,,
PHC_BORIGUMMA,SNAKE_ANTIVENOM,W-07,83,,,
PHC_BORIGUMMA,SNAKE_ANTIVENOM,W-06,67,,,
PHC_BORIGUMMA,SNAKE_ANTIVENOM,W-05,76,,,
PHC_BORIGUMMA,SNAKE_ANTIVENOM,W-04,70,,,
PHC_BORIGUMMA,SNAKE_ANTIVENOM,W-03,85,,,
PHC_BORIGUMMA,SNAKE_ANTIVENOM,W-02,87,,,
PHC_BORIGUMMA,SNAKE_ANTIVENOM,W-01,75,,,
PHC_BORIGUMMA,SNAKE_ANTIVENOM,W+01,,80,69,91
PHC_BORIGUMMA,SNAKE_ANTIVENOM,W+02,,83,69,97
PHC_BORIGUMMA,SNAKE_ANTIVENOM,W+03,,86,70,102
PHC_BORIGUMMA,SNAKE_ANTIVENOM,W+04,,88,69,107
PHC_BORIGUMMA,SNAKE_ANTIVENOM,W+05,,91,69,113
PHC_BORIGUMMA,SNAKE_ANTIVENOM,W+06,,94,69,119
PHC_KOTPAD,ORS_ZINC,W-08,290,,,
PHC_KOTPAD,ORS_ZINC,W-07,303,,,
PHC_KOTPAD,ORS_ZINC,W-06,286,,,
PHC_KOTPAD,ORS_ZINC,W-05,342,,,
PHC_KOTPAD,ORS_ZINC,W-04,311,,,
PHC_KOTPAD,ORS_ZINC,W-03,300,,,
PHC_KOTPAD,ORS_ZINC,W-02,333,,,
PHC_KOTPAD,ORS_ZINC,W-01,355,,,
PHC_KOTPAD,ORS_ZINC,W+01,,326,279,373
PHC_KOTPAD,ORS_ZINC,W+02,,337,280,394
PHC_KOTPAD,ORS_ZINC,W+03,,348,281,415
PHC_KOTPAD,ORS_ZINC,W+04,,359,281,437
PHC_KOTPAD,ORS_ZINC,W+05,,370,280,460
PHC_KOTPAD,ORS_ZINC,W+06,,381,279,483
PHC_KOTPAD,ARTESUNATE,W-08,149,,,
PHC_KOTPAD,ARTESUNATE,W-07,157,,,
PHC_KOTPAD,ARTESUNATE,W-06,192,,,
PHC_KOTPAD,ARTESUNATE,W-05,180,,,
PHC_KOTPAD,ARTESUNATE,W-04,173,,,
PHC_KOTPAD,ARTESUNATE,W-03,181,,,
PHC_KOTPAD,ARTESUNATE,W-02,166,,,
PHC_KOTPAD,ARTESUNATE,W-01,174,,,
PHC_KOTPAD,ARTESUNATE,W+01,,181,155,207
PHC_KOTPAD,ARTESUNATE,W+02,,187,156,218
PHC_KOTPAD,ARTESUNATE,W+03,,193,156,230
PHC_KOTPAD,ARTESUNATE,W+04,,199,156,242
PHC_KOTPAD,ARTESUNATE,W+05,,205,155,255
PHC_KOTPAD,ARTESUNATE,W+06,,211,155,267
PHC_KOTPAD,AMOXICILLIN,W-08,217,,,
PHC_KOTPAD,AMOXICILLIN,W-07,238,,,
PHC_KOTPAD,AMOXICILLIN,W-06,220,,,
PHC_KOTPAD,AMOXICILLIN,W-05,224,,,
PHC_KOTPAD,AMOXICILLIN,W-04,220,,,
PHC_KOTPAD,AMOXICILLIN,W-03,260,,,
PHC_KOTPAD,AMOXICILLIN,W-02,239,,,
PHC_KOTPAD,AMOXICILLIN,W-01,287,,,
PHC_KOTPAD,AMOXICILLIN,W+01,,253,217,289
PHC_KOTPAD,AMOXICILLIN,W+02,,262,218,306
PHC_KOTPAD,AMOXICILLIN,W+03,,270,218,322
PHC_KOTPAD,AMOXICILLIN,W+04,,279,218,340
PHC_KOTPAD,AMOXICILLIN,W+05,,287,217,357
PHC_KOTPAD,AMOXICILLIN,W+06,,296,217,375
PHC_KOTPAD,OXYTOCIN,W-08,85,,,
PHC_KOTPAD,OXYTOCIN,W-07,70,,,
PHC_KOTPAD,OXYTOCIN,W-06,75,,,
PHC_KOTPAD,OXYTOCIN,W-05,86,,,
PHC_KOTPAD,OXYTOCIN,W-04,78,,,
PHC_KOTPAD,OXYTOCIN,W-03,78,,,
PHC_KOTPAD,OXYTOCIN,W-02,97,,,
PHC_KOTPAD,OXYTOCIN,W-01,91,,,
PHC_KOTPAD,OXYTOCIN,W+01,,86,74,98
PHC_KOTPAD,OXYTOCIN,W+02,,89,74,104
PHC_KOTPAD,OXYTOCIN,W+03,,92,75,109
PHC_KOTPAD,OXYTOCIN,W+04,,95,75,115
PHC_KOTPAD,OXYTOCIN,W+05,,98,74,122
PHC_KOTPAD,OXYTOCIN,W+06,,101,74,128
PHC_KOTPAD,RABIES_VACCINE,W-08,64,,,
PHC_KOTPAD,RABIES_VACCINE,W-07,71,,,
PHC_KOTPAD,RABIES_VACCINE,W-06,73,,,
PHC_KOTPAD,RABIES_VACCINE,W-05,63,,,
PHC_KOTPAD,RABIES_VACCINE,W-04,63,,,
PHC_KOTPAD,RABIES_VACCINE,W-03,70,,,
PHC_KOTPAD,RABIES_VACCINE,W-02,72,,,
PHC_KOTPAD,RABIES_VACCINE,W-01,74,,,
PHC_KOTPAD,RABIES_VACCINE,W+01,,72,62,82
PHC_KOTPAD,RABIES_VACCINE,W+02,,74,62,86
PHC_KOTPAD,RABIES_VACCINE,W+03,,77,62,92
PHC_KOTPAD,RABIES_VACCINE,W+04,,79,62,96
PHC_KOTPAD,RABIES_VACCINE,W+05,,82,62,102
PHC_KOTPAD,RABIES_VACCINE,W+06,,84,62,106
PHC_KOTPAD,PARACETAMOL,W-08,415,,,
PHC_KOTPAD,PARACETAMOL,W-07,417,,,
PHC_KOTPAD,PARACETAMOL,W-06,460,,,
PHC_KOTPAD,PARACETAMOL,W-05,371,,,
PHC_KOTPAD,PARACETAMOL,W-04,413,,,
PHC_KOTPAD,PARACETAMOL,W-03,415,,,
PHC_KOTPAD,PARACETAMOL,W-02,480,,,
PHC_KOTPAD,PARACETAMOL,W-01,421,,,
PHC_KOTPAD,PARACETAMOL,W+01,,434,372,496
PHC_KOTPAD,PARACETAMOL,W+02,,449,373,525
PHC_KOTPAD,PARACETAMOL,W+03,,464,374,554
PHC_KOTPAD,PARACETAMOL,W+04,,478,373,583
PHC_KOTPAD,PARACETAMOL,W+05,,493,373,613
PHC_KOTPAD,PARACETAMOL,W+06,,508,371,645
PHC_KOTPAD,SNAKE_ANTIVENOM,W-08,47,,,
PHC_KOTPAD,SNAKE_ANTIVENOM,W-07,52,,,
PHC_KOTPAD,SNAKE_ANTIVENOM,W-06,53,,,
PHC_KOTPAD,SNAKE_ANTIVENOM,W-05,52,,,
PHC_KOTPAD,SNAKE_ANTIVENOM,W-04,52,,,
PHC_KOTPAD,SNAKE_ANTIVENOM,W-03,63,,,
PHC_KOTPAD,SNAKE_ANTIVENOM,W-02,57,,,
PHC_KOTPAD,SNAKE_ANTIVENOM,W-01,65,,,
PHC_KOTPAD,SNAKE_ANTIVENOM,W+01,,57,49,65
PHC_KOTPAD,SNAKE_ANTIVENOM,W+02,,59,49,69
PHC_KOTPAD,SNAKE_ANTIVENOM,W+03,,61,50,72
PHC_KOTPAD,SNAKE_ANTIVENOM,W+04,,63,50,76
PHC_KOTPAD,SNAKE_ANTIVENOM,W+05,,65,50,80
PHC_KOTPAD,SNAKE_ANTIVENOM,W+06,,67,49,85
PHC_LAMTAPUT,ORS_ZINC,W-08,237,,,
PHC_LAMTAPUT,ORS_ZINC,W-07,209,,,
PHC_LAMTAPUT,ORS_ZINC,W-06,277,,,
PHC_LAMTAPUT,ORS_ZINC,W-05,271,,,
PHC_LAMTAPUT,ORS_ZINC,W-04,285,,,
PHC_LAMTAPUT,ORS_ZINC,W-03,287,,,
PHC_LAMTAPUT,ORS_ZINC,W-02,287,,,
PHC_LAMTAPUT,ORS_ZINC,W-01,247,,,
PHC_LAMTAPUT,ORS_ZINC,W+01,,260,223,297
PHC_LAMTAPUT,ORS_ZINC,W+02,,269,224,314
PHC_LAMTAPUT,ORS_ZINC,W+03,,278,224,332
PHC_LAMTAPUT,ORS_ZINC,W+04,,287,224,350
PHC_LAMTAPUT,ORS_ZINC,W+05,,296,224,368
PHC_LAMTAPUT,ORS_ZINC,W+06,,304,222,386
PHC_LAMTAPUT,ARTESUNATE,W-08,129,,,
PHC_LAMTAPUT,ARTESUNATE,W-07,122,,,
PHC_LAMTAPUT,ARTESUNATE,W-06,132,,,
PHC_LAMTAPUT,ARTESUNATE,W-05,122,,,
PHC_LAMTAPUT,ARTESUNATE,W-04,136,,,
PHC_LAMTAPUT,ARTESUNATE,W-03,161,,,
PHC_LAMTAPUT,ARTESUNATE,W-02,138,,,
PHC_LAMTAPUT,ARTESUNATE,W-01,160,,,
PHC_LAMTAPUT,ARTESUNATE,W+01,,144,124,164
PHC_LAMTAPUT,ARTESUNATE,W+02,,149,124,174
PHC_LAMTAPUT,ARTESUNATE,W+03,,154,124,184
PHC_LAMTAPUT,ARTESUNATE,W+04,,159,125,193
PHC_LAMTAPUT,ARTESUNATE,W+05,,164,124,204
PHC_LAMTAPUT,ARTESUNATE,W+06,,169,124,214
PHC_LAMTAPUT,AMOXICILLIN,W-08,179,,,
PHC_LAMTAPUT,AMOXICILLIN,W-07,182,,,
PHC_LAMTAPUT,AMOXICILLIN,W-06,213,,,
PHC_LAMTAPUT,AMOXICILLIN,W-05,219,,,
PHC_LAMTAPUT,AMOXICILLIN,W-04,200,,,
PHC_LAMTAPUT,AMOXICILLIN,W-03,213,,,
PHC_LAMTAPUT,AMOXICILLIN,W-02,188,,,
PHC_LAMTAPUT,AMOXICILLIN,W-01,199,,,
PHC_LAMTAPUT,AMOXICILLIN,W+01,,202,173,231
PHC_LAMTAPUT,AMOXICILLIN,W+02,,209,174,244
PHC_LAMTAPUT,AMOXICILLIN,W+03,,216,174,258
PHC_LAMTAPUT,AMOXICILLIN,W+04,,223,174,272
PHC_LAMTAPUT,AMOXICILLIN,W+05,,230,174,286
PHC_LAMTAPUT,AMOXICILLIN,W+06,,237,174,300
PHC_LAMTAPUT,OXYTOCIN,W-08,70,,,
PHC_LAMTAPUT,OXYTOCIN,W-07,65,,,
PHC_LAMTAPUT,OXYTOCIN,W-06,65,,,
PHC_LAMTAPUT,OXYTOCIN,W-05,70,,,
PHC_LAMTAPUT,OXYTOCIN,W-04,59,,,
PHC_LAMTAPUT,OXYTOCIN,W-03,70,,,
PHC_LAMTAPUT,OXYTOCIN,W-02,70,,,
PHC_LAMTAPUT,OXYTOCIN,W-01,77,,,
PHC_LAMTAPUT,OXYTOCIN,W+01,,69,59,79
PHC_LAMTAPUT,OXYTOCIN,W+02,,71,59,83
PHC_LAMTAPUT,OXYTOCIN,W+03,,74,60,88
PHC_LAMTAPUT,OXYTOCIN,W+04,,76,60,92
PHC_LAMTAPUT,OXYTOCIN,W+05,,78,59,97
PHC_LAMTAPUT,OXYTOCIN,W+06,,81,60,102
PHC_LAMTAPUT,RABIES_VACCINE,W-08,47,,,
PHC_LAMTAPUT,RABIES_VACCINE,W-07,59,,,
PHC_LAMTAPUT,RABIES_VACCINE,W-06,48,,,
PHC_LAMTAPUT,RABIES_VACCINE,W-05,50,,,
PHC_LAMTAPUT,RABIES_VACCINE,W-04,57,,,
PHC_LAMTAPUT,RABIES_VACCINE,W-03,60,,,
PHC_LAMTAPUT,RABIES_VACCINE,W-02,54,,,
PHC_LAMTAPUT,RABIES_VACCINE,W-01,54,,,
PHC_LAMTAPUT,RABIES_VACCINE,W+01,,57,49,65
PHC_LAMTAPUT,RABIES_VACCINE,W+02,,59,49,69
PHC_LAMTAPUT,RABIES_VACCINE,W+03,,61,50,72
PHC_LAMTAPUT,RABIES_VACCINE,W+04,,63,50,76
PHC_LAMTAPUT,RABIES_VACCINE,W+05,,65,50,80
PHC_LAMTAPUT,RABIES_VACCINE,W+06,,67,49,85
PHC_LAMTAPUT,PARACETAMOL,W-08,346,,,
PHC_LAMTAPUT,PARACETAMOL,W-07,297,,,
PHC_LAMTAPUT,PARACETAMOL,W-06,334,,,
PHC_LAMTAPUT,PARACETAMOL,W-05,343,,,
PHC_LAMTAPUT,PARACETAMOL,W-04,332,,,
PHC_LAMTAPUT,PARACETAMOL,W-03,353,,,
PHC_LAMTAPUT,PARACETAMOL,W-02,354,,,
PHC_LAMTAPUT,PARACETAMOL,W-01,397,,,
PHC_LAMTAPUT,PARACETAMOL,W+01,,347,297,397
PHC_LAMTAPUT,PARACETAMOL,W+02,,359,298,420
PHC_LAMTAPUT,PARACETAMOL,W+03,,371,299,443
PHC_LAMTAPUT,PARACETAMOL,W+04,,383,299,467
PHC_LAMTAPUT,PARACETAMOL,W+05,,394,298,490
PHC_LAMTAPUT,PARACETAMOL,W+06,,406,297,515
PHC_LAMTAPUT,SNAKE_ANTIVENOM,W-08,37,,,
PHC_LAMTAPUT,SNAKE_ANTIVENOM,W-07,44,,,
PHC_LAMTAPUT,SNAKE_ANTIVENOM,W-06,39,,,
PHC_LAMTAPUT,SNAKE_ANTIVENOM,W-05,42,,,
PHC_LAMTAPUT,SNAKE_ANTIVENOM,W-04,46,,,
PHC_LAMTAPUT,SNAKE_ANTIVENOM,W-03,43,,,
PHC_LAMTAPUT,SNAKE_ANTIVENOM,W-02,44,,,
PHC_LAMTAPUT,SNAKE_ANTIVENOM,W-01,49,,,
PHC_LAMTAPUT,SNAKE_ANTIVENOM,W+01,,45,39,51
PHC_LAMTAPUT,SNAKE_ANTIVENOM,W+02,,47,40,54
PHC_LAMTAPUT,SNAKE_ANTIVENOM,W+03,,48,39,57
PHC_LAMTAPUT,SNAKE_ANTIVENOM,W+04,,50,39,61
PHC_LAMTAPUT,SNAKE_ANTIVENOM,W+05,,51,39,63
PHC_LAMTAPUT,SNAKE_ANTIVENOM,W+06,,53,39,67
PHC_BISSAM_CUTTACK,ORS_ZINC,W-08,361,,,
PHC_BISSAM_CUTTACK,ORS_ZINC,W-07,414,,,
PHC_BISSAM_CUTTACK,ORS_ZINC,W-06,484,,,
PHC_BISSAM_CUTTACK,ORS_ZINC,W-05,493,,,
PHC_BISSAM_CUTTACK,ORS_ZINC,W-04,396,,,
PHC_BISSAM_CUTTACK,ORS_ZINC,W-03,421,,,
PHC_BISSAM_CUTTACK,ORS_ZINC,W-02,436,,,
PHC_BISSAM_CUTTACK,ORS_ZINC,W-01,521,,,
PHC_BISSAM_CUTTACK,ORS_ZINC,W+01,,456,390,522
PHC_BISSAM_CUTTACK,ORS_ZINC,W+02,,471,391,551
PHC_BISSAM_CUTTACK,ORS_ZINC,W+03,,487,393,581
PHC_BISSAM_CUTTACK,ORS_ZINC,W+04,,502,392,612
PHC_BISSAM_CUTTACK,ORS_ZINC,W+05,,518,392,644
PHC_BISSAM_CUTTACK,ORS_ZINC,W+06,,533,390,676
PHC_BISSAM_CUTTACK,ARTESUNATE,W-08,251,,,
PHC_BISSAM_CUTTACK,ARTESUNATE,W-07,255,,,
PHC_BISSAM_CUTTACK,ARTESUNATE,W-06,228,,,
PHC_BISSAM_CUTTACK,ARTESUNATE,W-05,219,,,
PHC_BISSAM_CUTTACK,ARTESUNATE,W-04,267,,,
PHC_BISSAM_CUTTACK,ARTESUNATE,W-03,264,,,
PHC_BISSAM_CUTTACK,ARTESUNATE,W-02,263,,,
PHC_BISSAM_CUTTACK,ARTESUNATE,W-01,291,,,
PHC_BISSAM_CUTTACK,ARTESUNATE,W+01,,252,216,288
PHC_BISSAM_CUTTACK,ARTESUNATE,W+02,,261,217,305
PHC_BISSAM_CUTTACK,ARTESUNATE,W+03,,269,217,321
PHC_BISSAM_CUTTACK,ARTESUNATE,W+04,,278,217,339
PHC_BISSAM_CUTTACK,ARTESUNATE,W+05,,286,216,356
PHC_BISSAM_CUTTACK,ARTESUNATE,W+06,,295,216,374
PHC_BISSAM_CUTTACK,AMOXICILLIN,W-08,332,,,
PHC_BISSAM_CUTTACK,AMOXICILLIN,W-07,281,,,
PHC_BISSAM_CUTTACK,AMOXICILLIN,W-06,360,,,
PHC_BISSAM_CUTTACK,AMOXICILLIN,W-05,321,,,
PHC_BISSAM_CUTTACK,AMOXICILLIN,W-04,361,,,
PHC_BISSAM_CUTTACK,AMOXICILLIN,W-03,392,,,
PHC_BISSAM_CUTTACK,AMOXICILLIN,W-02,327,,,
PHC_BISSAM_CUTTACK,AMOXICILLIN,W-01,332,,,
PHC_BISSAM_CUTTACK,AMOXICILLIN,W+01,,355,304,406
PHC_BISSAM_CUTTACK,AMOXICILLIN,W+02,,367,305,429
PHC_BISSAM_CUTTACK,AMOXICILLIN,W+03,,379,306,452
PHC_BISSAM_CUTTACK,AMOXICILLIN,W+04,,391,305,477
PHC_BISSAM_CUTTACK,AMOXICILLIN,W+05,,403,305,501
PHC_BISSAM_CUTTACK,AMOXICILLIN,W+06,,415,303,527
PHC_BISSAM_CUTTACK,OXYTOCIN,W-08,96,,,
PHC_BISSAM_CUTTACK,OXYTOCIN,W-07,112,,,
PHC_BISSAM_CUTTACK,OXYTOCIN,W-06,106,,,
PHC_BISSAM_CUTTACK,OXYTOCIN,W-05,119,,,
PHC_BISSAM_CUTTACK,OXYTOCIN,W-04,124,,,
PHC_BISSAM_CUTTACK,OXYTOCIN,W-03,111,,,
PHC_BISSAM_CUTTACK,OXYTOCIN,W-02,126,,,
PHC_BISSAM_CUTTACK,OXYTOCIN,W-01,118,,,
PHC_BISSAM_CUTTACK,OXYTOCIN,W+01,,121,104,138
PHC_BISSAM_CUTTACK,OXYTOCIN,W+02,,125,104,146
PHC_BISSAM_CUTTACK,OXYTOCIN,W+03,,129,104,154
PHC_BISSAM_CUTTACK,OXYTOCIN,W+04,,133,104,162
PHC_BISSAM_CUTTACK,OXYTOCIN,W+05,,137,104,170
PHC_BISSAM_CUTTACK,OXYTOCIN,W+06,,141,103,179
PHC_BISSAM_CUTTACK,RABIES_VACCINE,W-08,90,,,
PHC_BISSAM_CUTTACK,RABIES_VACCINE,W-07,103,,,
PHC_BISSAM_CUTTACK,RABIES_VACCINE,W-06,103,,,
PHC_BISSAM_CUTTACK,RABIES_VACCINE,W-05,86,,,
PHC_BISSAM_CUTTACK,RABIES_VACCINE,W-04,97,,,
PHC_BISSAM_CUTTACK,RABIES_VACCINE,W-03,95,,,
PHC_BISSAM_CUTTACK,RABIES_VACCINE,W-02,90,,,
PHC_BISSAM_CUTTACK,RABIES_VACCINE,W-01,111,,,
PHC_BISSAM_CUTTACK,RABIES_VACCINE,W+01,,101,87,115
PHC_BISSAM_CUTTACK,RABIES_VACCINE,W+02,,104,87,121
PHC_BISSAM_CUTTACK,RABIES_VACCINE,W+03,,108,87,129
PHC_BISSAM_CUTTACK,RABIES_VACCINE,W+04,,111,87,135
PHC_BISSAM_CUTTACK,RABIES_VACCINE,W+05,,115,87,143
PHC_BISSAM_CUTTACK,RABIES_VACCINE,W+06,,118,87,149
PHC_BISSAM_CUTTACK,PARACETAMOL,W-08,567,,,
PHC_BISSAM_CUTTACK,PARACETAMOL,W-07,522,,,
PHC_BISSAM_CUTTACK,PARACETAMOL,W-06,607,,,
PHC_BISSAM_CUTTACK,PARACETAMOL,W-05,590,,,
PHC_BISSAM_CUTTACK,PARACETAMOL,W-04,582,,,
PHC_BISSAM_CUTTACK,PARACETAMOL,W-03,530,,,
PHC_BISSAM_CUTTACK,PARACETAMOL,W-02,552,,,
PHC_BISSAM_CUTTACK,PARACETAMOL,W-01,687,,,
PHC_BISSAM_CUTTACK,PARACETAMOL,W+01,,608,520,696
PHC_BISSAM_CUTTACK,PARACETAMOL,W+02,,629,523,735
PHC_BISSAM_CUTTACK,PARACETAMOL,W+03,,649,523,775
PHC_BISSAM_CUTTACK,PARACETAMOL,W+04,,670,523,817
PHC_BISSAM_CUTTACK,PARACETAMOL,W+05,,690,521,859
PHC_BISSAM_CUTTACK,PARACETAMOL,W+06,,711,520,902
PHC_BISSAM_CUTTACK,SNAKE_ANTIVENOM,W-08,80,,,
PHC_BISSAM_CUTTACK,SNAKE_ANTIVENOM,W-07,75,,,
PHC_BISSAM_CUTTACK,SNAKE_ANTIVENOM,W-06,82,,,
PHC_BISSAM_CUTTACK,SNAKE_ANTIVENOM,W-05,78,,,
PHC_BISSAM_CUTTACK,SNAKE_ANTIVENOM,W-04,71,,,
PHC_BISSAM_CUTTACK,SNAKE_ANTIVENOM,W-03,72,,,
PHC_BISSAM_CUTTACK,SNAKE_ANTIVENOM,W-02,78,,,
PHC_BISSAM_CUTTACK,SNAKE_ANTIVENOM,W-01,91,,,
PHC_BISSAM_CUTTACK,SNAKE_ANTIVENOM,W+01,,80,69,91
PHC_BISSAM_CUTTACK,SNAKE_ANTIVENOM,W+02,,83,69,97
PHC_BISSAM_CUTTACK,SNAKE_ANTIVENOM,W+03,,86,70,102
PHC_BISSAM_CUTTACK,SNAKE_ANTIVENOM,W+04,,88,69,107
PHC_BISSAM_CUTTACK,SNAKE_ANTIVENOM,W+05,,91,69,113
PHC_BISSAM_CUTTACK,SNAKE_ANTIVENOM,W+06,,94,69,119
PHC_MUNIGUDA,ORS_ZINC,W-08,317,,,
PHC_MUNIGUDA,ORS_ZINC,W-07,328,,,
PHC_MUNIGUDA,ORS_ZINC,W-06,338,,,
PHC_MUNIGUDA,ORS_ZINC,W-05,288,,,
PHC_MUNIGUDA,ORS_ZINC,W-04,297,,,
PHC_MUNIGUDA,ORS_ZINC,W-03,291,,,
PHC_MUNIGUDA,ORS_ZINC,W-02,353,,,
PHC_MUNIGUDA,ORS_ZINC,W-01,368,,,
PHC_MUNIGUDA,ORS_ZINC,W+01,,326,279,373
PHC_MUNIGUDA,ORS_ZINC,W+02,,337,280,394
PHC_MUNIGUDA,ORS_ZINC,W+03,,348,281,415
PHC_MUNIGUDA,ORS_ZINC,W+04,,359,281,437
PHC_MUNIGUDA,ORS_ZINC,W+05,,370,280,460
PHC_MUNIGUDA,ORS_ZINC,W+06,,381,279,483
PHC_MUNIGUDA,ARTESUNATE,W-08,158,,,
PHC_MUNIGUDA,ARTESUNATE,W-07,171,,,
PHC_MUNIGUDA,ARTESUNATE,W-06,154,,,
PHC_MUNIGUDA,ARTESUNATE,W-05,192,,,
PHC_MUNIGUDA,ARTESUNATE,W-04,193,,,
PHC_MUNIGUDA,ARTESUNATE,W-03,201,,,
PHC_MUNIGUDA,ARTESUNATE,W-02,197,,,
PHC_MUNIGUDA,ARTESUNATE,W-01,204,,,
PHC_MUNIGUDA,ARTESUNATE,W+01,,181,155,207
PHC_MUNIGUDA,ARTESUNATE,W+02,,187,156,218
PHC_MUNIGUDA,ARTESUNATE,W+03,,193,156,230
PHC_MUNIGUDA,ARTESUNATE,W+04,,199,156,242
PHC_MUNIGUDA,ARTESUNATE,W+05,,205,155,255
PHC_MUNIGUDA,ARTESUNATE,W+06,,211,155,267
PHC_MUNIGUDA,AMOXICILLIN,W-08,197,,,
PHC_MUNIGUDA,AMOXICILLIN,W-07,247,,,
PHC_MUNIGUDA,AMOXICILLIN,W-06,226,,,
PHC_MUNIGUDA,AMOXICILLIN,W-05,269,,,
PHC_MUNIGUDA,AMOXICILLIN,W-04,266,,,
PHC_MUNIGUDA,AMOXICILLIN,W-03,275,,,
PHC_MUNIGUDA,AMOXICILLIN,W-02,277,,,
PHC_MUNIGUDA,AMOXICILLIN,W-01,247,,,
PHC_MUNIGUDA,AMOXICILLIN,W+01,,253,217,289
PHC_MUNIGUDA,AMOXICILLIN,W+02,,262,218,306
PHC_MUNIGUDA,AMOXICILLIN,W+03,,270,218,322
PHC_MUNIGUDA,AMOXICILLIN,W+04,,279,218,340
PHC_MUNIGUDA,AMOXICILLIN,W+05,,287,217,357
PHC_MUNIGUDA,AMOXICILLIN,W+06,,296,217,375
PHC_MUNIGUDA,OXYTOCIN,W-08,84,,,
PHC_MUNIGUDA,OXYTOCIN,W-07,71,,,
PHC_MUNIGUDA,OXYTOCIN,W-06,89,,,
PHC_MUNIGUDA,OXYTOCIN,W-05,90,,,
PHC_MUNIGUDA,OXYTOCIN,W-04,78,,,
PHC_MUNIGUDA,OXYTOCIN,W-03,93,,,
PHC_MUNIGUDA,OXYTOCIN,W-02,87,,,
PHC_MUNIGUDA,OXYTOCIN,W-01,85,,,
PHC_MUNIGUDA,OXYTOCIN,W+01,,86,74,98
PHC_MUNIGUDA,OXYTOCIN,W+02,,89,74,104
PHC_MUNIGUDA,OXYTOCIN,W+03,,92,75,109
PHC_MUNIGUDA,OXYTOCIN,W+04,,95,75,115
PHC_MUNIGUDA,OXYTOCIN,W+05,,98,74,122
PHC_MUNIGUDA,OXYTOCIN,W+06,,101,74,128
PHC_MUNIGUDA,RABIES_VACCINE,W-08,70,,,
PHC_MUNIGUDA,RABIES_VACCINE,W-07,61,,,
PHC_MUNIGUDA,RABIES_VACCINE,W-06,59,,,
PHC_MUNIGUDA,RABIES_VACCINE,W-05,63,,,
PHC_MUNIGUDA,RABIES_VACCINE,W-04,67,,,
PHC_MUNIGUDA,RABIES_VACCINE,W-03,78,,,
PHC_MUNIGUDA,RABIES_VACCINE,W-02,81,,,
PHC_MUNIGUDA,RABIES_VACCINE,W-01,70,,,
PHC_MUNIGUDA,RABIES_VACCINE,W+01,,72,62,82
PHC_MUNIGUDA,RABIES_VACCINE,W+02,,74,62,86
PHC_MUNIGUDA,RABIES_VACCINE,W+03,,77,62,92
PHC_MUNIGUDA,RABIES_VACCINE,W+04,,79,62,96
PHC_MUNIGUDA,RABIES_VACCINE,W+05,,82,62,102
PHC_MUNIGUDA,RABIES_VACCINE,W+06,,84,62,106
PHC_MUNIGUDA,PARACETAMOL,W-08,406,,,
PHC_MUNIGUDA,PARACETAMOL,W-07,388,,,
PHC_MUNIGUDA,PARACETAMOL,W-06,459,,,
PHC_MUNIGUDA,PARACETAMOL,W-05,419,,,
PHC_MUNIGUDA,PARACETAMOL,W-04,472,,,
PHC_MUNIGUDA,PARACETAMOL,W-03,390,,,
PHC_MUNIGUDA,PARACETAMOL,W-02,492,,,
PHC_MUNIGUDA,PARACETAMOL,W-01,414,,,
PHC_MUNIGUDA,PARACETAMOL,W+01,,434,372,496
PHC_MUNIGUDA,PARACETAMOL,W+02,,449,373,525
PHC_MUNIGUDA,PARACETAMOL,W+03,,464,374,554
PHC_MUNIGUDA,PARACETAMOL,W+04,,478,373,583
PHC_MUNIGUDA,PARACETAMOL,W+05,,493,373,613
PHC_MUNIGUDA,PARACETAMOL,W+06,,508,371,645
PHC_MUNIGUDA,SNAKE_ANTIVENOM,W-08,58,,,
PHC_MUNIGUDA,SNAKE_ANTIVENOM,W-07,49,,,
PHC_MUNIGUDA,SNAKE_ANTIVENOM,W-06,48,,,
PHC_MUNIGUDA,SNAKE_ANTIVENOM,W-05,54,,,
PHC_MUNIGUDA,SNAKE_ANTIVENOM,W-04,59,,,
PHC_MUNIGUDA,SNAKE_ANTIVENOM,W-03,54,,,
PHC_MUNIGUDA,SNAKE_ANTIVENOM,W-02,60,,,
PHC_MUNIGUDA,SNAKE_ANTIVENOM,W-01,60,,,
PHC_MUNIGUDA,SNAKE_ANTIVENOM,W+01,,57,49,65
PHC_MUNIGUDA,SNAKE_ANTIVENOM,W+02,,59,49,69
PHC_MUNIGUDA,SNAKE_ANTIVENOM,W+03,,61,50,72
PHC_MUNIGUDA,SNAKE_ANTIVENOM,W+04,,63,50,76
PHC_MUNIGUDA,SNAKE_ANTIVENOM,W+05,,65,50,80
PHC_MUNIGUDA,SNAKE_ANTIVENOM,W+06,,67,49,85
PHC_KALYANSINGHPUR,ORS_ZINC,W-08,226,,,
PHC_KALYANSINGHPUR,ORS_ZINC,W-07,244,,,
PHC_KALYANSINGHPUR,ORS_ZINC,W-06,228,,,
PHC_KALYANSINGHPUR,ORS_ZINC,W-05,263,,,
PHC_KALYANSINGHPUR,ORS_ZINC,W-04,221,,,
PHC_KALYANSINGHPUR,ORS_ZINC,W-03,287,,,
PHC_KALYANSINGHPUR,ORS_ZINC,W-02,267,,,
PHC_KALYANSINGHPUR,ORS_ZINC,W-01,284,,,
PHC_KALYANSINGHPUR,ORS_ZINC,W+01,,260,223,297
PHC_KALYANSINGHPUR,ORS_ZINC,W+02,,269,224,314
PHC_KALYANSINGHPUR,ORS_ZINC,W+03,,278,224,332
PHC_KALYANSINGHPUR,ORS_ZINC,W+04,,287,224,350
PHC_KALYANSINGHPUR,ORS_ZINC,W+05,,296,224,368
PHC_KALYANSINGHPUR,ORS_ZINC,W+06,,304,222,386
PHC_KALYANSINGHPUR,ARTESUNATE,W-08,139,,,
PHC_KALYANSINGHPUR,ARTESUNATE,W-07,139,,,
PHC_KALYANSINGHPUR,ARTESUNATE,W-06,130,,,
PHC_KALYANSINGHPUR,ARTESUNATE,W-05,122,,,
PHC_KALYANSINGHPUR,ARTESUNATE,W-04,147,,,
PHC_KALYANSINGHPUR,ARTESUNATE,W-03,138,,,
PHC_KALYANSINGHPUR,ARTESUNATE,W-02,140,,,
PHC_KALYANSINGHPUR,ARTESUNATE,W-01,162,,,
PHC_KALYANSINGHPUR,ARTESUNATE,W+01,,144,124,164
PHC_KALYANSINGHPUR,ARTESUNATE,W+02,,149,124,174
PHC_KALYANSINGHPUR,ARTESUNATE,W+03,,154,124,184
PHC_KALYANSINGHPUR,ARTESUNATE,W+04,,159,125,193
PHC_KALYANSINGHPUR,ARTESUNATE,W+05,,164,124,204
PHC_KALYANSINGHPUR,ARTESUNATE,W+06,,169,124,214
PHC_KALYANSINGHPUR,AMOXICILLIN,W-08,193,,,
PHC_KALYANSINGHPUR,AMOXICILLIN,W-07,176,,,
PHC_KALYANSINGHPUR,AMOXICILLIN,W-06,180,,,
PHC_KALYANSINGHPUR,AMOXICILLIN,W-05,189,,,
PHC_KALYANSINGHPUR,AMOXICILLIN,W-04,192,,,
PHC_KALYANSINGHPUR,AMOXICILLIN,W-03,191,,,
PHC_KALYANSINGHPUR,AMOXICILLIN,W-02,186,,,
PHC_KALYANSINGHPUR,AMOXICILLIN,W-01,205,,,
PHC_KALYANSINGHPUR,AMOXICILLIN,W+01,,202,173,231
PHC_KALYANSINGHPUR,AMOXICILLIN,W+02,,209,174,244
PHC_KALYANSINGHPUR,AMOXICILLIN,W+03,,216,174,258
PHC_KALYANSINGHPUR,AMOXICILLIN,W+04,,223,174,272
PHC_KALYANSINGHPUR,AMOXICILLIN,W+05,,230,174,286
PHC_KALYANSINGHPUR,AMOXICILLIN,W+06,,237,174,300
PHC_KALYANSINGHPUR,OXYTOCIN,W-08,69,,,
PHC_KALYANSINGHPUR,OXYTOCIN,W-07,66,,,
PHC_KALYANSINGHPUR,OXYTOCIN,W-06,72,,,
PHC_KALYANSINGHPUR,OXYTOCIN,W-05,68,,,
PHC_KALYANSINGHPUR,OXYTOCIN,W-04,64,,,
PHC_KALYANSINGHPUR,OXYTOCIN,W-03,69,,,
PHC_KALYANSINGHPUR,OXYTOCIN,W-02,61,,,
PHC_KALYANSINGHPUR,OXYTOCIN,W-01,67,,,
PHC_KALYANSINGHPUR,OXYTOCIN,W+01,,69,59,79
PHC_KALYANSINGHPUR,OXYTOCIN,W+02,,71,59,83
PHC_KALYANSINGHPUR,OXYTOCIN,W+03,,74,60,88
PHC_KALYANSINGHPUR,OXYTOCIN,W+04,,76,60,92
PHC_KALYANSINGHPUR,OXYTOCIN,W+05,,78,59,97
PHC_KALYANSINGHPUR,OXYTOCIN,W+06,,81,60,102
PHC_KALYANSINGHPUR,RABIES_VACCINE,W-08,51,,,
PHC_KALYANSINGHPUR,RABIES_VACCINE,W-07,54,,,
PHC_KALYANSINGHPUR,RABIES_VACCINE,W-06,56,,,
PHC_KALYANSINGHPUR,RABIES_VACCINE,W-05,54,,,
PHC_KALYANSINGHPUR,RABIES_VACCINE,W-04,55,,,
PHC_KALYANSINGHPUR,RABIES_VACCINE,W-03,53,,,
PHC_KALYANSINGHPUR,RABIES_VACCINE,W-02,58,,,
PHC_KALYANSINGHPUR,RABIES_VACCINE,W-01,65,,,
PHC_KALYANSINGHPUR,RABIES_VACCINE,W+01,,57,49,65
PHC_KALYANSINGHPUR,RABIES_VACCINE,W+02,,59,49,69
PHC_KALYANSINGHPUR,RABIES_VACCINE,W+03,,61,50,72
PHC_KALYANSINGHPUR,RABIES_VACCINE,W+04,,63,50,76
PHC_KALYANSINGHPUR,RABIES_VACCINE,W+05,,65,50,80
PHC_KALYANSINGHPUR,RABIES_VACCINE,W+06,,67,49,85
PHC_KALYANSINGHPUR,PARACETAMOL,W-08,338,,,
PHC_KALYANSINGHPUR,PARACETAMOL,W-07,290,,,
PHC_KALYANSINGHPUR,PARACETAMOL,W-06,289,,,
PHC_KALYANSINGHPUR,PARACETAMOL,W-05,333,,,
PHC_KALYANSINGHPUR,PARACETAMOL,W-04,350,,,
PHC_KALYANSINGHPUR,PARACETAMOL,W-03,331,,,
PHC_KALYANSINGHPUR,PARACETAMOL,W-02,380,,,
PHC_KALYANSINGHPUR,PARACETAMOL,W-01,381,,,
PHC_KALYANSINGHPUR,PARACETAMOL,W+01,,347,297,397
PHC_KALYANSINGHPUR,PARACETAMOL,W+02,,359,298,420
PHC_KALYANSINGHPUR,PARACETAMOL,W+03,,371,299,443
PHC_KALYANSINGHPUR,PARACETAMOL,W+04,,383,299,467
PHC_KALYANSINGHPUR,PARACETAMOL,W+05,,394,298,490
PHC_KALYANSINGHPUR,PARACETAMOL,W+06,,406,297,515
PHC_KALYANSINGHPUR,SNAKE_ANTIVENOM,W-08,42,,,
PHC_KALYANSINGHPUR,SNAKE_ANTIVENOM,W-07,38,,,
PHC_KALYANSINGHPUR,SNAKE_ANTIVENOM,W-06,39,,,
PHC_KALYANSINGHPUR,SNAKE_ANTIVENOM,W-05,38,,,
PHC_KALYANSINGHPUR,SNAKE_ANTIVENOM,W-04,41,,,
PHC_KALYANSINGHPUR,SNAKE_ANTIVENOM,W-03,45,,,
PHC_KALYANSINGHPUR,SNAKE_ANTIVENOM,W-02,50,,,
PHC_KALYANSINGHPUR,SNAKE_ANTIVENOM,W-01,42,,,
PHC_KALYANSINGHPUR,SNAKE_ANTIVENOM,W+01,,45,39,51
PHC_KALYANSINGHPUR,SNAKE_ANTIVENOM,W+02,,47,40,54
PHC_KALYANSINGHPUR,SNAKE_ANTIVENOM,W+03,,48,39,57
PHC_KALYANSINGHPUR,SNAKE_ANTIVENOM,W+04,,50,39,61
PHC_KALYANSINGHPUR,SNAKE_ANTIVENOM,W+05,,51,39,63
PHC_KALYANSINGHPUR,SNAKE_ANTIVENOM,W+06,,53,39,67
PHC_BHAWANIPATNA,ORS_ZINC,W-08,400,,,
PHC_BHAWANIPATNA,ORS_ZINC,W-07,433,,,
PHC_BHAWANIPATNA,ORS_ZINC,W-06,392,,,
PHC_BHAWANIPATNA,ORS_ZINC,W-05,459,,,
PHC_BHAWANIPATNA,ORS_ZINC,W-04,444,,,
PHC_BHAWANIPATNA,ORS_ZINC,W-03,424,,,
PHC_BHAWANIPATNA,ORS_ZINC,W-02,480,,,
PHC_BHAWANIPATNA,ORS_ZINC,W-01,415,,,
PHC_BHAWANIPATNA,ORS_ZINC,W+01,,456,390,522
PHC_BHAWANIPATNA,ORS_ZINC,W+02,,471,391,551
PHC_BHAWANIPATNA,ORS_ZINC,W+03,,487,393,581
PHC_BHAWANIPATNA,ORS_ZINC,W+04,,502,392,612
PHC_BHAWANIPATNA,ORS_ZINC,W+05,,518,392,644
PHC_BHAWANIPATNA,ORS_ZINC,W+06,,533,390,676
PHC_BHAWANIPATNA,ARTESUNATE,W-08,242,,,
PHC_BHAWANIPATNA,ARTESUNATE,W-07,248,,,
PHC_BHAWANIPATNA,ARTESUNATE,W-06,211,,,
PHC_BHAWANIPATNA,ARTESUNATE,W-05,236,,,
PHC_BHAWANIPATNA,ARTESUNATE,W-04,225,,,
PHC_BHAWANIPATNA,ARTESUNATE,W-03,280,,,
PHC_BHAWANIPATNA,ARTESUNATE,W-02,257,,,
PHC_BHAWANIPATNA,ARTESUNATE,W-01,232,,,
PHC_BHAWANIPATNA,ARTESUNATE,W+01,,252,216,288
PHC_BHAWANIPATNA,ARTESUNATE,W+02,,261,217,305
PHC_BHAWANIPATNA,ARTESUNATE,W+03,,269,217,321
PHC_BHAWANIPATNA,ARTESUNATE,W+04,,278,217,339
PHC_BHAWANIPATNA,ARTESUNATE,W+05,,286,216,356
PHC_BHAWANIPATNA,ARTESUNATE,W+06,,295,216,374
PHC_BHAWANIPATNA,AMOXICILLIN,W-08,296,,,
PHC_BHAWANIPATNA,AMOXICILLIN,W-07,356,,,
PHC_BHAWANIPATNA,AMOXICILLIN,W-06,328,,,
PHC_BHAWANIPATNA,AMOXICILLIN,W-05,366,,,
PHC_BHAWANIPATNA,AMOXICILLIN,W-04,361,,,
PHC_BHAWANIPATNA,AMOXICILLIN,W-03,396,,,
PHC_BHAWANIPATNA,AMOXICILLIN,W-02,368,,,
PHC_BHAWANIPATNA,AMOXICILLIN,W-01,407,,,
PHC_BHAWANIPATNA,AMOXICILLIN,W+01,,355,304,406
PHC_BHAWANIPATNA,AMOXICILLIN,W+02,,367,305,429
PHC_BHAWANIPATNA,AMOXICILLIN,W+03,,379,306,452
PHC_BHAWANIPATNA,AMOXICILLIN,W+04,,391,305,477
PHC_BHAWANIPATNA,AMOXICILLIN,W+05,,403,305,501
PHC_BHAWANIPATNA,AMOXICILLIN,W+06,,415,303,527
PHC_BHAWANIPATNA,OXYTOCIN,W-08,120,,,
PHC_BHAWANIPATNA,OXYTOCIN,W-07,114,,,
PHC_BHAWANIPATNA,OXYTOCIN,W-06,120,,,
PHC_BHAWANIPATNA,OXYTOCIN,W-05,115,,,
PHC_BHAWANIPATNA,OXYTOCIN,W-04,128,,,
PHC_BHAWANIPATNA,OXYTOCIN,W-03,121,,,
PHC_BHAWANIPATNA,OXYTOCIN,W-02,134,,,
PHC_BHAWANIPATNA,OXYTOCIN,W-01,132,,,
PHC_BHAWANIPATNA,OXYTOCIN,W+01,,121,104,138
PHC_BHAWANIPATNA,OXYTOCIN,W+02,,125,104,146
PHC_BHAWANIPATNA,OXYTOCIN,W+03,,129,104,154
PHC_BHAWANIPATNA,OXYTOCIN,W+04,,133,104,162
PHC_BHAWANIPATNA,OXYTOCIN,W+05,,137,104,170
PHC_BHAWANIPATNA,OXYTOCIN,W+06,,141,103,179
PHC_BHAWANIPATNA,RABIES_VACCINE,W-08,90,,,
PHC_BHAWANIPATNA,RABIES_VACCINE,W-07,86,,,
PHC_BHAWANIPATNA,RABIES_VACCINE,W-06,88,,,
PHC_BHAWANIPATNA,RABIES_VACCINE,W-05,100,,,
PHC_BHAWANIPATNA,RABIES_VACCINE,W-04,105,,,
PHC_BHAWANIPATNA,RABIES_VACCINE,W-03,101,,,
PHC_BHAWANIPATNA,RABIES_VACCINE,W-02,106,,,
PHC_BHAWANIPATNA,RABIES_VACCINE,W-01,99,,,
PHC_BHAWANIPATNA,RABIES_VACCINE,W+01,,101,87,115
PHC_BHAWANIPATNA,RABIES_VACCINE,W+02,,104,87,121
PHC_BHAWANIPATNA,RABIES_VACCINE,W+03,,108,87,129
PHC_BHAWANIPATNA,RABIES_VACCINE,W+04,,111,87,135
PHC_BHAWANIPATNA,RABIES_VACCINE,W+05,,115,87,143
PHC_BHAWANIPATNA,RABIES_VACCINE,W+06,,118,87,149
PHC_BHAWANIPATNA,PARACETAMOL,W-08,482,,,
PHC_BHAWANIPATNA,PARACETAMOL,W-07,525,,,
PHC_BHAWANIPATNA,PARACETAMOL,W-06,535,,,
PHC_BHAWANIPATNA,PARACETAMOL,W-05,554,,,
PHC_BHAWANIPATNA,PARACETAMOL,W-04,600,,,
PHC_BHAWANIPATNA,PARACETAMOL,W-03,550,,,
PHC_BHAWANIPATNA,PARACETAMOL,W-02,576,,,
PHC_BHAWANIPATNA,PARACETAMOL,W-01,658,,,
PHC_BHAWANIPATNA,PARACETAMOL,W+01,,608,520,696
PHC_BHAWANIPATNA,PARACETAMOL,W+02,,629,523,735
PHC_BHAWANIPATNA,PARACETAMOL,W+03,,649,523,775
PHC_BHAWANIPATNA,PARACETAMOL,W+04,,670,523,817
PHC_BHAWANIPATNA,PARACETAMOL,W+05,,690,521,859
PHC_BHAWANIPATNA,PARACETAMOL,W+06,,711,520,902
PHC_BHAWANIPATNA,SNAKE_ANTIVENOM,W-08,76,,,
PHC_BHAWANIPATNA,SNAKE_ANTIVENOM,W-07,65,,,
PHC_BHAWANIPATNA,SNAKE_ANTIVENOM,W-06,73,,,
PHC_BHAWANIPATNA,SNAKE_ANTIVENOM,W-05,78,,,
PHC_BHAWANIPATNA,SNAKE_ANTIVENOM,W-04,77,,,
PHC_BHAWANIPATNA,SNAKE_ANTIVENOM,W-03,74,,,
PHC_BHAWANIPATNA,SNAKE_ANTIVENOM,W-02,80,,,
PHC_BHAWANIPATNA,SNAKE_ANTIVENOM,W-01,91,,,
PHC_BHAWANIPATNA,SNAKE_ANTIVENOM,W+01,,80,69,91
PHC_BHAWANIPATNA,SNAKE_ANTIVENOM,W+02,,83,69,97
PHC_BHAWANIPATNA,SNAKE_ANTIVENOM,W+03,,86,70,102
PHC_BHAWANIPATNA,SNAKE_ANTIVENOM,W+04,,88,69,107
PHC_BHAWANIPATNA,SNAKE_ANTIVENOM,W+05,,91,69,113
PHC_BHAWANIPATNA,SNAKE_ANTIVENOM,W+06,,94,69,119
PHC_DHARAMGARH,ORS_ZINC,W-08,419,,,
PHC_DHARAMGARH,ORS_ZINC,W-07,441,,,
PHC_DHARAMGARH,ORS_ZINC,W-06,468,,,
PHC_DHARAMGARH,ORS_ZINC,W-05,467,,,
PHC_DHARAMGARH,ORS_ZINC,W-04,431,,,
PHC_DHARAMGARH,ORS_ZINC,W-03,397,,,
PHC_DHARAMGARH,ORS_ZINC,W-02,446,,,
PHC_DHARAMGARH,ORS_ZINC,W-01,500,,,
PHC_DHARAMGARH,ORS_ZINC,W+01,,456,390,522
PHC_DHARAMGARH,ORS_ZINC,W+02,,471,391,551
PHC_DHARAMGARH,ORS_ZINC,W+03,,487,393,581
PHC_DHARAMGARH,ORS_ZINC,W+04,,502,392,612
PHC_DHARAMGARH,ORS_ZINC,W+05,,518,392,644
PHC_DHARAMGARH,ORS_ZINC,W+06,,533,390,676
PHC_DHARAMGARH,ARTESUNATE,W-08,249,,,
PHC_DHARAMGARH,ARTESUNATE,W-07,260,,,
PHC_DHARAMGARH,ARTESUNATE,W-06,231,,,
PHC_DHARAMGARH,ARTESUNATE,W-05,257,,,
PHC_DHARAMGARH,ARTESUNATE,W-04,249,,,
PHC_DHARAMGARH,ARTESUNATE,W-03,257,,,
PHC_DHARAMGARH,ARTESUNATE,W-02,238,,,
PHC_DHARAMGARH,ARTESUNATE,W-01,243,,,
PHC_DHARAMGARH,ARTESUNATE,W+01,,252,216,288
PHC_DHARAMGARH,ARTESUNATE,W+02,,261,217,305
PHC_DHARAMGARH,ARTESUNATE,W+03,,269,217,321
PHC_DHARAMGARH,ARTESUNATE,W+04,,278,217,339
PHC_DHARAMGARH,ARTESUNATE,W+05,,286,216,356
PHC_DHARAMGARH,ARTESUNATE,W+06,,295,216,374
PHC_DHARAMGARH,AMOXICILLIN,W-08,313,,,
PHC_DHARAMGARH,AMOXICILLIN,W-07,283,,,
PHC_DHARAMGARH,AMOXICILLIN,W-06,318,,,
PHC_DHARAMGARH,AMOXICILLIN,W-05,355,,,
PHC_DHARAMGARH,AMOXICILLIN,W-04,337,,,
PHC_DHARAMGARH,AMOXICILLIN,W-03,323,,,
PHC_DHARAMGARH,AMOXICILLIN,W-02,357,,,
PHC_DHARAMGARH,AMOXICILLIN,W-01,333,,,
PHC_DHARAMGARH,AMOXICILLIN,W+01,,355,304,406
PHC_DHARAMGARH,AMOXICILLIN,W+02,,367,305,429
PHC_DHARAMGARH,AMOXICILLIN,W+03,,379,306,452
PHC_DHARAMGARH,AMOXICILLIN,W+04,,391,305,477
PHC_DHARAMGARH,AMOXICILLIN,W+05,,403,305,501
PHC_DHARAMGARH,AMOXICILLIN,W+06,,415,303,527
PHC_DHARAMGARH,OXYTOCIN,W-08,112,,,
PHC_DHARAMGARH,OXYTOCIN,W-07,96,,,
PHC_DHARAMGARH,OXYTOCIN,W-06,110,,,
PHC_DHARAMGARH,OXYTOCIN,W-05,117,,,
PHC_DHARAMGARH,OXYTOCIN,W-04,103,,,
PHC_DHARAMGARH,OXYTOCIN,W-03,124,,,
PHC_DHARAMGARH,OXYTOCIN,W-02,111,,,
PHC_DHARAMGARH,OXYTOCIN,W-01,124,,,
PHC_DHARAMGARH,OXYTOCIN,W+01,,121,104,138
PHC_DHARAMGARH,OXYTOCIN,W+02,,125,104,146
PHC_DHARAMGARH,OXYTOCIN,W+03,,129,104,154
PHC_DHARAMGARH,OXYTOCIN,W+04,,133,104,162
PHC_DHARAMGARH,OXYTOCIN,W+05,,137,104,170
PHC_DHARAMGARH,OXYTOCIN,W+06,,141,103,179
PHC_DHARAMGARH,RABIES_VACCINE,W-08,79,,,
PHC_DHARAMGARH,RABIES_VACCINE,W-07,90,,,
PHC_DHARAMGARH,RABIES_VACCINE,W-06,87,,,
PHC_DHARAMGARH,RABIES_VACCINE,W-05,92,,,
PHC_DHARAMGARH,RABIES_VACCINE,W-04,105,,,
PHC_DHARAMGARH,RABIES_VACCINE,W-03,97,,,
PHC_DHARAMGARH,RABIES_VACCINE,W-02,109,,,
PHC_DHARAMGARH,RABIES_VACCINE,W-01,113,,,
PHC_DHARAMGARH,RABIES_VACCINE,W+01,,101,87,115
PHC_DHARAMGARH,RABIES_VACCINE,W+02,,104,87,121
PHC_DHARAMGARH,RABIES_VACCINE,W+03,,108,87,129
PHC_DHARAMGARH,RABIES_VACCINE,W+04,,111,87,135
PHC_DHARAMGARH,RABIES_VACCINE,W+05,,115,87,143
PHC_DHARAMGARH,RABIES_VACCINE,W+06,,118,87,149
PHC_DHARAMGARH,PARACETAMOL,W-08,508,,,
PHC_DHARAMGARH,PARACETAMOL,W-07,494,,,
PHC_DHARAMGARH,PARACETAMOL,W-06,496,,,
PHC_DHARAMGARH,PARACETAMOL,W-05,588,,,
PHC_DHARAMGARH,PARACETAMOL,W-04,670,,,
PHC_DHARAMGARH,PARACETAMOL,W-03,582,,,
PHC_DHARAMGARH,PARACETAMOL,W-02,640,,,
PHC_DHARAMGARH,PARACETAMOL,W-01,672,,,
PHC_DHARAMGARH,PARACETAMOL,W+01,,608,520,696
PHC_DHARAMGARH,PARACETAMOL,W+02,,629,523,735
PHC_DHARAMGARH,PARACETAMOL,W+03,,649,523,775
PHC_DHARAMGARH,PARACETAMOL,W+04,,670,523,817
PHC_DHARAMGARH,PARACETAMOL,W+05,,690,521,859
PHC_DHARAMGARH,PARACETAMOL,W+06,,711,520,902
PHC_DHARAMGARH,SNAKE_ANTIVENOM,W-08,75,,,
PHC_DHARAMGARH,SNAKE_ANTIVENOM,W-07,79,,,
PHC_DHARAMGARH,SNAKE_ANTIVENOM,W-06,84,,,
PHC_DHARAMGARH,SNAKE_ANTIVENOM,W-05,71,,,
PHC_DHARAMGARH,SNAKE_ANTIVENOM,W-04,69,,,
PHC_DHARAMGARH,SNAKE_ANTIVENOM,W-03,73,,,
PHC_DHARAMGARH,SNAKE_ANTIVENOM,W-02,74,,,
PHC_DHARAMGARH,SNAKE_ANTIVENOM,W-01,86,,,
PHC_DHARAMGARH,SNAKE_ANTIVENOM,W+01,,80,69,91
PHC_DHARAMGARH,SNAKE_ANTIVENOM,W+02,,83,69,97
PHC_DHARAMGARH,SNAKE_ANTIVENOM,W+03,,86,70,102
PHC_DHARAMGARH,SNAKE_ANTIVENOM,W+04,,88,69,107
PHC_DHARAMGARH,SNAKE_ANTIVENOM,W+05,,91,69,113
PHC_DHARAMGARH,SNAKE_ANTIVENOM,W+06,,94,69,119
PHC_THUAMUL_RAMPUR,ORS_ZINC,W-08,238,,,
PHC_THUAMUL_RAMPUR,ORS_ZINC,W-07,220,,,
PHC_THUAMUL_RAMPUR,ORS_ZINC,W-06,257,,,
PHC_THUAMUL_RAMPUR,ORS_ZINC,W-05,266,,,
PHC_THUAMUL_RAMPUR,ORS_ZINC,W-04,232,,,
PHC_THUAMUL_RAMPUR,ORS_ZINC,W-03,266,,,
PHC_THUAMUL_RAMPUR,ORS_ZINC,W-02,280,,,
PHC_THUAMUL_RAMPUR,ORS_ZINC,W-01,244,,,
PHC_THUAMUL_RAMPUR,ORS_ZINC,W+01,,260,223,297
PHC_THUAMUL_RAMPUR,ORS_ZINC,W+02,,269,224,314
PHC_THUAMUL_RAMPUR,ORS_ZINC,W+03,,278,224,332
PHC_THUAMUL_RAMPUR,ORS_ZINC,W+04,,287,224,350
PHC_THUAMUL_RAMPUR,ORS_ZINC,W+05,,296,224,368
PHC_THUAMUL_RAMPUR,ORS_ZINC,W+06,,304,222,386
PHC_THUAMUL_RAMPUR,ARTESUNATE,W-08,141,,,
PHC_THUAMUL_RAMPUR,ARTESUNATE,W-07,149,,,
PHC_THUAMUL_RAMPUR,ARTESUNATE,W-06,121,,,
PHC_THUAMUL_RAMPUR,ARTESUNATE,W-05,121,,,
PHC_THUAMUL_RAMPUR,ARTESUNATE,W-04,134,,,
PHC_THUAMUL_RAMPUR,ARTESUNATE,W-03,150,,,
PHC_THUAMUL_RAMPUR,ARTESUNATE,W-02,163,,,
PHC_THUAMUL_RAMPUR,ARTESUNATE,W-01,146,,,
PHC_THUAMUL_RAMPUR,ARTESUNATE,W+01,,144,124,164
PHC_THUAMUL_RAMPUR,ARTESUNATE,W+02,,149,124,174
PHC_THUAMUL_RAMPUR,ARTESUNATE,W+03,,154,124,184
PHC_THUAMUL_RAMPUR,ARTESUNATE,W+04,,159,125,193
PHC_THUAMUL_RAMPUR,ARTESUNATE,W+05,,164,124,204
PHC_THUAMUL_RAMPUR,ARTESUNATE,W+06,,169,124,214
PHC_THUAMUL_RAMPUR,AMOXICILLIN,W-08,193,,,
PHC_THUAMUL_RAMPUR,AMOXICILLIN,W-07,164,,,
PHC_THUAMUL_RAMPUR,AMOXICILLIN,W-06,199,,,
PHC_THUAMUL_RAMPUR,AMOXICILLIN,W-05,200,,,
PHC_THUAMUL_RAMPUR,AMOXICILLIN,W-04,177,,,
PHC_THUAMUL_RAMPUR,AMOXICILLIN,W-03,215,,,
PHC_THUAMUL_RAMPUR,AMOXICILLIN,W-02,223,,,
PHC_THUAMUL_RAMPUR,AMOXICILLIN,W-01,214,,,
PHC_THUAMUL_RAMPUR,AMOXICILLIN,W+01,,202,173,231
PHC_THUAMUL_RAMPUR,AMOXICILLIN,W+02,,209,174,244
PHC_THUAMUL_RAMPUR,AMOXICILLIN,W+03,,216,174,258
PHC_THUAMUL_RAMPUR,AMOXICILLIN,W+04,,223,174,272
PHC_THUAMUL_RAMPUR,AMOXICILLIN,W+05,,230,174,286
PHC_THUAMUL_RAMPUR,AMOXICILLIN,W+06,,237,174,300
PHC_THUAMUL_RAMPUR,OXYTOCIN,W-08,55,,,
PHC_THUAMUL_RAMPUR,OXYTOCIN,W-07,72,,,
PHC_THUAMUL_RAMPUR,OXYTOCIN,W-06,69,,,
PHC_THUAMUL_RAMPUR,OXYTOCIN,W-05,63,,,
PHC_THUAMUL_RAMPUR,OXYTOCIN,W-04,66,,,
PHC_THUAMUL_RAMPUR,OXYTOCIN,W-03,66,,,
PHC_THUAMUL_RAMPUR,OXYTOCIN,W-02,70,,,
PHC_THUAMUL_RAMPUR,OXYTOCIN,W-01,68,,,
PHC_THUAMUL_RAMPUR,OXYTOCIN,W+01,,69,59,79
PHC_THUAMUL_RAMPUR,OXYTOCIN,W+02,,71,59,83
PHC_THUAMUL_RAMPUR,OXYTOCIN,W+03,,74,60,88
PHC_THUAMUL_RAMPUR,OXYTOCIN,W+04,,76,60,92
PHC_THUAMUL_RAMPUR,OXYTOCIN,W+05,,78,59,97
PHC_THUAMUL_RAMPUR,OXYTOCIN,W+06,,81,60,102
PHC_THUAMUL_RAMPUR,RABIES_VACCINE,W-08,57,,,
PHC_THUAMUL_RAMPUR,RABIES_VACCINE,W-07,57,,,
PHC_THUAMUL_RAMPUR,RABIES_VACCINE,W-06,48,,,
PHC_THUAMUL_RAMPUR,RABIES_VACCINE,W-05,62,,,
PHC_THUAMUL_RAMPUR,RABIES_VACCINE,W-04,58,,,
PHC_THUAMUL_RAMPUR,RABIES_VACCINE,W-03,62,,,
PHC_THUAMUL_RAMPUR,RABIES_VACCINE,W-02,61,,,
PHC_THUAMUL_RAMPUR,RABIES_VACCINE,W-01,58,,,
PHC_THUAMUL_RAMPUR,RABIES_VACCINE,W+01,,57,49,65
PHC_THUAMUL_RAMPUR,RABIES_VACCINE,W+02,,59,49,69
PHC_THUAMUL_RAMPUR,RABIES_VACCINE,W+03,,61,50,72
PHC_THUAMUL_RAMPUR,RABIES_VACCINE,W+04,,63,50,76
PHC_THUAMUL_RAMPUR,RABIES_VACCINE,W+05,,65,50,80
PHC_THUAMUL_RAMPUR,RABIES_VACCINE,W+06,,67,49,85
PHC_THUAMUL_RAMPUR,PARACETAMOL,W-08,332,,,
PHC_THUAMUL_RAMPUR,PARACETAMOL,W-07,359,,,
PHC_THUAMUL_RAMPUR,PARACETAMOL,W-06,305,,,
PHC_THUAMUL_RAMPUR,PARACETAMOL,W-05,359,,,
PHC_THUAMUL_RAMPUR,PARACETAMOL,W-04,342,,,
PHC_THUAMUL_RAMPUR,PARACETAMOL,W-03,344,,,
PHC_THUAMUL_RAMPUR,PARACETAMOL,W-02,347,,,
PHC_THUAMUL_RAMPUR,PARACETAMOL,W-01,379,,,
PHC_THUAMUL_RAMPUR,PARACETAMOL,W+01,,347,297,397
PHC_THUAMUL_RAMPUR,PARACETAMOL,W+02,,359,298,420
PHC_THUAMUL_RAMPUR,PARACETAMOL,W+03,,371,299,443
PHC_THUAMUL_RAMPUR,PARACETAMOL,W+04,,383,299,467
PHC_THUAMUL_RAMPUR,PARACETAMOL,W+05,,394,298,490
PHC_THUAMUL_RAMPUR,PARACETAMOL,W+06,,406,297,515
PHC_THUAMUL_RAMPUR,SNAKE_ANTIVENOM,W-08,38,,,
PHC_THUAMUL_RAMPUR,SNAKE_ANTIVENOM,W-07,45,,,
PHC_THUAMUL_RAMPUR,SNAKE_ANTIVENOM,W-06,46,,,
PHC_THUAMUL_RAMPUR,SNAKE_ANTIVENOM,W-05,38,,,
PHC_THUAMUL_RAMPUR,SNAKE_ANTIVENOM,W-04,48,,,
PHC_THUAMUL_RAMPUR,SNAKE_ANTIVENOM,W-03,42,,,
PHC_THUAMUL_RAMPUR,SNAKE_ANTIVENOM,W-02,45,,,
PHC_THUAMUL_RAMPUR,SNAKE_ANTIVENOM,W-01,48,,,
PHC_THUAMUL_RAMPUR,SNAKE_ANTIVENOM,W+01,,45,39,51
PHC_THUAMUL_RAMPUR,SNAKE_ANTIVENOM,W+02,,47,40,54
PHC_THUAMUL_RAMPUR,SNAKE_ANTIVENOM,W+03,,48,39,57
PHC_THUAMUL_RAMPUR,SNAKE_ANTIVENOM,W+04,,50,39,61
PHC_THUAMUL_RAMPUR,SNAKE_ANTIVENOM,W+05,,51,39,63
PHC_THUAMUL_RAMPUR,SNAKE_ANTIVENOM,W+06,,53,39,67
PHC_UMERKOTE,ORS_ZINC,W-08,396,,,
PHC_UMERKOTE,ORS_ZINC,W-07,364,,,
PHC_UMERKOTE,ORS_ZINC,W-06,468,,,
PHC_UMERKOTE,ORS_ZINC,W-05,400,,,
PHC_UMERKOTE,ORS_ZINC,W-04,412,,,
PHC_UMERKOTE,ORS_ZINC,W-03,488,,,
PHC_UMERKOTE,ORS_ZINC,W-02,444,,,
PHC_UMERKOTE,ORS_ZINC,W-01,515,,,
PHC_UMERKOTE,ORS_ZINC,W+01,,456,390,522
PHC_UMERKOTE,ORS_ZINC,W+02,,471,391,551
PHC_UMERKOTE,ORS_ZINC,W+03,,487,393,581
PHC_UMERKOTE,ORS_ZINC,W+04,,502,392,612
PHC_UMERKOTE,ORS_ZINC,W+05,,518,392,644
PHC_UMERKOTE,ORS_ZINC,W+06,,533,390,676
PHC_UMERKOTE,ARTESUNATE,W-08,239,,,
PHC_UMERKOTE,ARTESUNATE,W-07,217,,,
PHC_UMERKOTE,ARTESUNATE,W-06,205,,,
PHC_UMERKOTE,ARTESUNATE,W-05,269,,,
PHC_UMERKOTE,ARTESUNATE,W-04,220,,,
PHC_UMERKOTE,ARTESUNATE,W-03,265,,,
PHC_UMERKOTE,ARTESUNATE,W-02,255,,,
PHC_UMERKOTE,ARTESUNATE,W-01,277,,,
PHC_UMERKOTE,ARTESUNATE,W+01,,252,216,288
PHC_UMERKOTE,ARTESUNATE,W+02,,261,217,305
PHC_UMERKOTE,ARTESUNATE,W+03,,269,217,321
PHC_UMERKOTE,ARTESUNATE,W+04,,278,217,339
PHC_UMERKOTE,ARTESUNATE,W+05,,286,216,356
PHC_UMERKOTE,ARTESUNATE,W+06,,295,216,374
PHC_UMERKOTE,AMOXICILLIN,W-08,335,,,
PHC_UMERKOTE,AMOXICILLIN,W-07,338,,,
PHC_UMERKOTE,AMOXICILLIN,W-06,331,,,
PHC_UMERKOTE,AMOXICILLIN,W-05,365,,,
PHC_UMERKOTE,AMOXICILLIN,W-04,310,,,
PHC_UMERKOTE,AMOXICILLIN,W-03,328,,,
PHC_UMERKOTE,AMOXICILLIN,W-02,377,,,
PHC_UMERKOTE,AMOXICILLIN,W-01,349,,,
PHC_UMERKOTE,AMOXICILLIN,W+01,,355,304,406
PHC_UMERKOTE,AMOXICILLIN,W+02,,367,305,429
PHC_UMERKOTE,AMOXICILLIN,W+03,,379,306,452
PHC_UMERKOTE,AMOXICILLIN,W+04,,391,305,477
PHC_UMERKOTE,AMOXICILLIN,W+05,,403,305,501
PHC_UMERKOTE,AMOXICILLIN,W+06,,415,303,527
PHC_UMERKOTE,OXYTOCIN,W-08,111,,,
PHC_UMERKOTE,OXYTOCIN,W-07,110,,,
PHC_UMERKOTE,OXYTOCIN,W-06,114,,,
PHC_UMERKOTE,OXYTOCIN,W-05,113,,,
PHC_UMERKOTE,OXYTOCIN,W-04,125,,,
PHC_UMERKOTE,OXYTOCIN,W-03,115,,,
PHC_UMERKOTE,OXYTOCIN,W-02,129,,,
PHC_UMERKOTE,OXYTOCIN,W-01,118,,,
PHC_UMERKOTE,OXYTOCIN,W+01,,121,104,138
PHC_UMERKOTE,OXYTOCIN,W+02,,125,104,146
PHC_UMERKOTE,OXYTOCIN,W+03,,129,104,154
PHC_UMERKOTE,OXYTOCIN,W+04,,133,104,162
PHC_UMERKOTE,OXYTOCIN,W+05,,137,104,170
PHC_UMERKOTE,OXYTOCIN,W+06,,141,103,179
PHC_UMERKOTE,RABIES_VACCINE,W-08,84,,,
PHC_UMERKOTE,RABIES_VACCINE,W-07,83,,,
PHC_UMERKOTE,RABIES_VACCINE,W-06,87,,,
PHC_UMERKOTE,RABIES_VACCINE,W-05,87,,,
PHC_UMERKOTE,RABIES_VACCINE,W-04,99,,,
PHC_UMERKOTE,RABIES_VACCINE,W-03,107,,,
PHC_UMERKOTE,RABIES_VACCINE,W-02,94,,,
PHC_UMERKOTE,RABIES_VACCINE,W-01,97,,,
PHC_UMERKOTE,RABIES_VACCINE,W+01,,101,87,115
PHC_UMERKOTE,RABIES_VACCINE,W+02,,104,87,121
PHC_UMERKOTE,RABIES_VACCINE,W+03,,108,87,129
PHC_UMERKOTE,RABIES_VACCINE,W+04,,111,87,135
PHC_UMERKOTE,RABIES_VACCINE,W+05,,115,87,143
PHC_UMERKOTE,RABIES_VACCINE,W+06,,118,87,149
PHC_UMERKOTE,PARACETAMOL,W-08,544,,,
PHC_UMERKOTE,PARACETAMOL,W-07,592,,,
PHC_UMERKOTE,PARACETAMOL,W-06,643,,,
PHC_UMERKOTE,PARACETAMOL,W-05,585,,,
PHC_UMERKOTE,PARACETAMOL,W-04,560,,,
PHC_UMERKOTE,PARACETAMOL,W-03,544,,,
PHC_UMERKOTE,PARACETAMOL,W-02,570,,,
PHC_UMERKOTE,PARACETAMOL,W-01,587,,,
PHC_UMERKOTE,PARACETAMOL,W+01,,608,520,696
PHC_UMERKOTE,PARACETAMOL,W+02,,629,523,735
PHC_UMERKOTE,PARACETAMOL,W+03,,649,523,775
PHC_UMERKOTE,PARACETAMOL,W+04,,670,523,817
PHC_UMERKOTE,PARACETAMOL,W+05,,690,521,859
PHC_UMERKOTE,PARACETAMOL,W+06,,711,520,902
PHC_UMERKOTE,SNAKE_ANTIVENOM,W-08,66,,,
PHC_UMERKOTE,SNAKE_ANTIVENOM,W-07,64,,,
PHC_UMERKOTE,SNAKE_ANTIVENOM,W-06,76,,,
PHC_UMERKOTE,SNAKE_ANTIVENOM,W-05,72,,,
PHC_UMERKOTE,SNAKE_ANTIVENOM,W-04,88,,,
PHC_UMERKOTE,SNAKE_ANTIVENOM,W-03,81,,,
PHC_UMERKOTE,SNAKE_ANTIVENOM,W-02,85,,,
PHC_UMERKOTE,SNAKE_ANTIVENOM,W-01,75,,,
PHC_UMERKOTE,SNAKE_ANTIVENOM,W+01,,80,69,91
PHC_UMERKOTE,SNAKE_ANTIVENOM,W+02,,83,69,97
PHC_UMERKOTE,SNAKE_ANTIVENOM,W+03,,86,70,102
PHC_UMERKOTE,SNAKE_ANTIVENOM,W+04,,88,69,107
PHC_UMERKOTE,SNAKE_ANTIVENOM,W+05,,91,69,113
PHC_UMERKOTE,SNAKE_ANTIVENOM,W+06,,94,69,119
PHC_PAPADAHANDI,ORS_ZINC,W-08,323,,,
PHC_PAPADAHANDI,ORS_ZINC,W-07,298,,,
PHC_PAPADAHANDI,ORS_ZINC,W-06,336,,,
PHC_PAPADAHANDI,ORS_ZINC,W-05,317,,,
PHC_PAPADAHANDI,ORS_ZINC,W-04,315,,,
PHC_PAPADAHANDI,ORS_ZINC,W-03,319,,,
PHC_PAPADAHANDI,ORS_ZINC,W-02,304,,,
PHC_PAPADAHANDI,ORS_ZINC,W-01,300,,,
PHC_PAPADAHANDI,ORS_ZINC,W+01,,326,279,373
PHC_PAPADAHANDI,ORS_ZINC,W+02,,337,280,394
PHC_PAPADAHANDI,ORS_ZINC,W+03,,348,281,415
PHC_PAPADAHANDI,ORS_ZINC,W+04,,359,281,437
PHC_PAPADAHANDI,ORS_ZINC,W+05,,370,280,460
PHC_PAPADAHANDI,ORS_ZINC,W+06,,381,279,483
PHC_PAPADAHANDI,ARTESUNATE,W-08,182,,,
PHC_PAPADAHANDI,ARTESUNATE,W-07,165,,,
PHC_PAPADAHANDI,ARTESUNATE,W-06,184,,,
PHC_PAPADAHANDI,ARTESUNATE,W-05,168,,,
PHC_PAPADAHANDI,ARTESUNATE,W-04,157,,,
PHC_PAPADAHANDI,ARTESUNATE,W-03,186,,,
PHC_PAPADAHANDI,ARTESUNATE,W-02,163,,,
PHC_PAPADAHANDI,ARTESUNATE,W-01,171,,,
PHC_PAPADAHANDI,ARTESUNATE,W+01,,181,155,207
PHC_PAPADAHANDI,ARTESUNATE,W+02,,187,156,218
PHC_PAPADAHANDI,ARTESUNATE,W+03,,193,156,230
PHC_PAPADAHANDI,ARTESUNATE,W+04,,199,156,242
PHC_PAPADAHANDI,ARTESUNATE,W+05,,205,155,255
PHC_PAPADAHANDI,ARTESUNATE,W+06,,211,155,267
PHC_PAPADAHANDI,AMOXICILLIN,W-08,231,,,
PHC_PAPADAHANDI,AMOXICILLIN,W-07,220,,,
PHC_PAPADAHANDI,AMOXICILLIN,W-06,269,,,
PHC_PAPADAHANDI,AMOXICILLIN,W-05,218,,,
PHC_PAPADAHANDI,AMOXICILLIN,W-04,264,,,
PHC_PAPADAHANDI,AMOXICILLIN,W-03,259,,,
PHC_PAPADAHANDI,AMOXICILLIN,W-02,275,,,
PHC_PAPADAHANDI,AMOXICILLIN,W-01,244,,,
PHC_PAPADAHANDI,AMOXICILLIN,W+01,,253,217,289
PHC_PAPADAHANDI,AMOXICILLIN,W+02,,262,218,306
PHC_PAPADAHANDI,AMOXICILLIN,W+03,,270,218,322
PHC_PAPADAHANDI,AMOXICILLIN,W+04,,279,218,340
PHC_PAPADAHANDI,AMOXICILLIN,W+05,,287,217,357
PHC_PAPADAHANDI,AMOXICILLIN,W+06,,296,217,375
PHC_PAPADAHANDI,OXYTOCIN,W-08,78,,,
PHC_PAPADAHANDI,OXYTOCIN,W-07,78,,,
PHC_PAPADAHANDI,OXYTOCIN,W-06,80,,,
PHC_PAPADAHANDI,OXYTOCIN,W-05,91,,,
PHC_PAPADAHANDI,OXYTOCIN,W-04,95,,,
PHC_PAPADAHANDI,OXYTOCIN,W-03,82,,,
PHC_PAPADAHANDI,OXYTOCIN,W-02,90,,,
PHC_PAPADAHANDI,OXYTOCIN,W-01,92,,,
PHC_PAPADAHANDI,OXYTOCIN,W+01,,86,74,98
PHC_PAPADAHANDI,OXYTOCIN,W+02,,89,74,104
PHC_PAPADAHANDI,OXYTOCIN,W+03,,92,75,109
PHC_PAPADAHANDI,OXYTOCIN,W+04,,95,75,115
PHC_PAPADAHANDI,OXYTOCIN,W+05,,98,74,122
PHC_PAPADAHANDI,OXYTOCIN,W+06,,101,74,128
PHC_PAPADAHANDI,RABIES_VACCINE,W-08,69,,,
PHC_PAPADAHANDI,RABIES_VACCINE,W-07,74,,,
PHC_PAPADAHANDI,RABIES_VACCINE,W-06,62,,,
PHC_PAPADAHANDI,RABIES_VACCINE,W-05,64,,,
PHC_PAPADAHANDI,RABIES_VACCINE,W-04,73,,,
PHC_PAPADAHANDI,RABIES_VACCINE,W-03,65,,,
PHC_PAPADAHANDI,RABIES_VACCINE,W-02,67,,,
PHC_PAPADAHANDI,RABIES_VACCINE,W-01,67,,,
PHC_PAPADAHANDI,RABIES_VACCINE,W+01,,72,62,82
PHC_PAPADAHANDI,RABIES_VACCINE,W+02,,74,62,86
PHC_PAPADAHANDI,RABIES_VACCINE,W+03,,77,62,92
PHC_PAPADAHANDI,RABIES_VACCINE,W+04,,79,62,96
PHC_PAPADAHANDI,RABIES_VACCINE,W+05,,82,62,102
PHC_PAPADAHANDI,RABIES_VACCINE,W+06,,84,62,106
PHC_PAPADAHANDI,PARACETAMOL,W-08,336,,,
PHC_PAPADAHANDI,PARACETAMOL,W-07,393,,,
PHC_PAPADAHANDI,PARACETAMOL,W-06,417,,,
PHC_PAPADAHANDI,PARACETAMOL,W-05,393,,,
PHC_PAPADAHANDI,PARACETAMOL,W-04,394,,,
PHC_PAPADAHANDI,PARACETAMOL,W-03,455,,,
PHC_PAPADAHANDI,PARACETAMOL,W-02,463,,,
PHC_PAPADAHANDI,PARACETAMOL,W-01,444,,,
PHC_PAPADAHANDI,PARACETAMOL,W+01,,434,372,496
PHC_PAPADAHANDI,PARACETAMOL,W+02,,449,373,525
PHC_PAPADAHANDI,PARACETAMOL,W+03,,464,374,554
PHC_PAPADAHANDI,PARACETAMOL,W+04,,478,373,583
PHC_PAPADAHANDI,PARACETAMOL,W+05,,493,373,613
PHC_PAPADAHANDI,PARACETAMOL,W+06,,508,371,645
PHC_PAPADAHANDI,SNAKE_ANTIVENOM,W-08,54,,,
PHC_PAPADAHANDI,SNAKE_ANTIVENOM,W-07,59,,,
PHC_PAPADAHANDI,SNAKE_ANTIVENOM,W-06,58,,,
PHC_PAPADAHANDI,SNAKE_ANTIVENOM,W-05,57,,,
PHC_PAPADAHANDI,SNAKE_ANTIVENOM,W-04,58,,,
PHC_PAPADAHANDI,SNAKE_ANTIVENOM,W-03,63,,,
PHC_PAPADAHANDI,SNAKE_ANTIVENOM,W-02,57,,,
PHC_PAPADAHANDI,SNAKE_ANTIVENOM,W-01,60,,,
PHC_PAPADAHANDI,SNAKE_ANTIVENOM,W+01,,57,49,65
PHC_PAPADAHANDI,SNAKE_ANTIVENOM,W+02,,59,49,69
PHC_PAPADAHANDI,SNAKE_ANTIVENOM,W+03,,61,50,72
PHC_PAPADAHANDI,SNAKE_ANTIVENOM,W+04,,63,50,76
PHC_PAPADAHANDI,SNAKE_ANTIVENOM,W+05,,65,50,80
PHC_PAPADAHANDI,SNAKE_ANTIVENOM,W+06,,67,49,85
PHC_JHARIGAON,ORS_ZINC,W-08,244,,,
PHC_JHARIGAON,ORS_ZINC,W-07,266,,,
PHC_JHARIGAON,ORS_ZINC,W-06,265,,,
PHC_JHARIGAON,ORS_ZINC,W-05,221,,,
PHC_JHARIGAON,ORS_ZINC,W-04,232,,,
PHC_JHARIGAON,ORS_ZINC,W-03,246,,,
PHC_JHARIGAON,ORS_ZINC,W-02,280,,,
PHC_JHARIGAON,ORS_ZINC,W-01,274,,,
PHC_JHARIGAON,ORS_ZINC,W+01,,260,223,297
PHC_JHARIGAON,ORS_ZINC,W+02,,269,224,314
PHC_JHARIGAON,ORS_ZINC,W+03,,278,224,332
PHC_JHARIGAON,ORS_ZINC,W+04,,287,224,350
PHC_JHARIGAON,ORS_ZINC,W+05,,296,224,368
PHC_JHARIGAON,ORS_ZINC,W+06,,304,222,386
PHC_JHARIGAON,ARTESUNATE,W-08,122,,,
PHC_JHARIGAON,ARTESUNATE,W-07,119,,,
PHC_JHARIGAON,ARTESUNATE,W-06,142,,,
PHC_JHARIGAON,ARTESUNATE,W-05,145,,,
PHC_JHARIGAON,ARTESUNATE,W-04,157,,,
PHC_JHARIGAON,ARTESUNATE,W-03,144,,,
PHC_JHARIGAON,ARTESUNATE,W-02,146,,,
PHC_JHARIGAON,ARTESUNATE,W-01,134,,,
PHC_JHARIGAON,ARTESUNATE,W+01,,144,124,164
PHC_JHARIGAON,ARTESUNATE,W+02,,149,124,174
PHC_JHARIGAON,ARTESUNATE,W+03,,154,124,184
PHC_JHARIGAON,ARTESUNATE,W+04,,159,125,193
PHC_JHARIGAON,ARTESUNATE,W+05,,164,124,204
PHC_JHARIGAON,ARTESUNATE,W+06,,169,124,214
PHC_JHARIGAON,AMOXICILLIN,W-08,158,,,
PHC_JHARIGAON,AMOXICILLIN,W-07,182,,,
PHC_JHARIGAON,AMOXICILLIN,W-06,181,,,
PHC_JHARIGAON,AMOXICILLIN,W-05,181,,,
PHC_JHARIGAON,AMOXICILLIN,W-04,177,,,
PHC_JHARIGAON,AMOXICILLIN,W-03,225,,,
PHC_JHARIGAON,AMOXICILLIN,W-02,222,,,
PHC_JHARIGAON,AMOXICILLIN,W-01,213,,,
PHC_JHARIGAON,AMOXICILLIN,W+01,,202,173,231
PHC_JHARIGAON,AMOXICILLIN,W+02,,209,174,244
PHC_JHARIGAON,AMOXICILLIN,W+03,,216,174,258
PHC_JHARIGAON,AMOXICILLIN,W+04,,223,174,272
PHC_JHARIGAON,AMOXICILLIN,W+05,,230,174,286
PHC_JHARIGAON,AMOXICILLIN,W+06,,237,174,300
PHC_JHARIGAON,OXYTOCIN,W-08,70,,,
PHC_JHARIGAON,OXYTOCIN,W-07,72,,,
PHC_JHARIGAON,OXYTOCIN,W-06,67,,,
PHC_JHARIGAON,OXYTOCIN,W-05,62,,,
PHC_JHARIGAON,OXYTOCIN,W-04,59,,,
PHC_JHARIGAON,OXYTOCIN,W-03,73,,,
PHC_JHARIGAON,OXYTOCIN,W-02,69,,,
PHC_JHARIGAON,OXYTOCIN,W-01,74,,,
PHC_JHARIGAON,OXYTOCIN,W+01,,69,59,79
PHC_JHARIGAON,OXYTOCIN,W+02,,71,59,83
PHC_JHARIGAON,OXYTOCIN,W+03,,74,60,88
PHC_JHARIGAON,OXYTOCIN,W+04,,76,60,92
PHC_JHARIGAON,OXYTOCIN,W+05,,78,59,97
PHC_JHARIGAON,OXYTOCIN,W+06,,81,60,102
PHC_JHARIGAON,RABIES_VACCINE,W-08,58,,,
PHC_JHARIGAON,RABIES_VACCINE,W-07,48,,,
PHC_JHARIGAON,RABIES_VACCINE,W-06,55,,,
PHC_JHARIGAON,RABIES_VACCINE,W-05,57,,,
PHC_JHARIGAON,RABIES_VACCINE,W-04,56,,,
PHC_JHARIGAON,RABIES_VACCINE,W-03,51,,,
PHC_JHARIGAON,RABIES_VACCINE,W-02,56,,,
PHC_JHARIGAON,RABIES_VACCINE,W-01,57,,,
PHC_JHARIGAON,RABIES_VACCINE,W+01,,57,49,65
PHC_JHARIGAON,RABIES_VACCINE,W+02,,59,49,69
PHC_JHARIGAON,RABIES_VACCINE,W+03,,61,50,72
PHC_JHARIGAON,RABIES_VACCINE,W+04,,63,50,76
PHC_JHARIGAON,RABIES_VACCINE,W+05,,65,50,80
PHC_JHARIGAON,RABIES_VACCINE,W+06,,67,49,85
PHC_JHARIGAON,PARACETAMOL,W-08,327,,,
PHC_JHARIGAON,PARACETAMOL,W-07,350,,,
PHC_JHARIGAON,PARACETAMOL,W-06,311,,,
PHC_JHARIGAON,PARACETAMOL,W-05,349,,,
PHC_JHARIGAON,PARACETAMOL,W-04,320,,,
PHC_JHARIGAON,PARACETAMOL,W-03,384,,,
PHC_JHARIGAON,PARACETAMOL,W-02,380,,,
PHC_JHARIGAON,PARACETAMOL,W-01,363,,,
PHC_JHARIGAON,PARACETAMOL,W+01,,347,297,397
PHC_JHARIGAON,PARACETAMOL,W+02,,359,298,420
PHC_JHARIGAON,PARACETAMOL,W+03,,371,299,443
PHC_JHARIGAON,PARACETAMOL,W+04,,383,299,467
PHC_JHARIGAON,PARACETAMOL,W+05,,394,298,490
PHC_JHARIGAON,PARACETAMOL,W+06,,406,297,515
PHC_JHARIGAON,SNAKE_ANTIVENOM,W-08,40,,,
PHC_JHARIGAON,SNAKE_ANTIVENOM,W-07,39,,,
PHC_JHARIGAON,SNAKE_ANTIVENOM,W-06,40,,,
PHC_JHARIGAON,SNAKE_ANTIVENOM,W-05,48,,,
PHC_JHARIGAON,SNAKE_ANTIVENOM,W-04,43,,,
PHC_JHARIGAON,SNAKE_ANTIVENOM,W-03,45,,,
PHC_JHARIGAON,SNAKE_ANTIVENOM,W-02,51,,,
PHC_JHARIGAON,SNAKE_ANTIVENOM,W-01,48,,,
PHC_JHARIGAON,SNAKE_ANTIVENOM,W+01,,45,39,51
PHC_JHARIGAON,SNAKE_ANTIVENOM,W+02,,47,40,54
PHC_JHARIGAON,SNAKE_ANTIVENOM,W+03,,48,39,57
PHC_JHARIGAON,SNAKE_ANTIVENOM,W+04,,50,39,61
PHC_JHARIGAON,SNAKE_ANTIVENOM,W+05,,51,39,63
PHC_JHARIGAON,SNAKE_ANTIVENOM,W+06,,53,39,67
